AIRCRAFT_ID,AIRLINE_CODE,DEPARTURE_AIRPORT_CODE,DESTINATION_AIRPORT_CODE,FLIGHT_ID
12d,FA,FKT,NSA,100001
12d,FA,FKT,NSA,100002
12d,FA,FKT,NSA,100003
12d,FA,FKT,NSA,100004
12d,FA,FKT,NSA,100005
12d,FA,FKT,NSA,100006
12d,FA,FKT,NSA,100007
12d,FA,FKT,NSA,100008
12d,FA,FKT,NSA,100009
12d,FA,FKT,NSA,100010
12d,FA,FKT,NSA,100011
12d,FA,FKT,NSA,100012
12d,FA,FKT,NSA,100013
12d,FA,FKT,NSA,100014
12d,FA,FKT,NSA,100015
12d,FA,FKT,NSA,100016
12d,FA,FKT,NSA,100017
12d,FA,FKT,NSA,100018
12d,FA,FKT,NSA,100019
12d,FA,FKT,NSA,100020
12d,FA,FKT,NSA,100021
12d,FA,FKT,NSA,100022
12d,FA,FKT,NSA,100023
12d,FA,FKT,NSA,100024
12a,FA,FKT,AMP,100025
12a,FA,FKT,AMP,100026
12a,FA,FKT,AMP,100027
12a,FA,FKT,AMP,100028
12a,FA,FKT,AMP,100029
12a,FA,FKT,AMP,100030
12a,FA,FKT,AMP,100031
12a,FA,FKT,AMP,100032
12a,FA,FKT,AMP,100033
12a,FA,FKT,AMP,100034
12a,FA,FKT,AMP,100035
12a,FA,FKT,AMP,100036
12a,FA,FKT,AMP,100037
12a,FA,FKT,AMP,100038
12a,FA,FKT,AMP,100039
12a,FA,FKT,AMP,100040
12a,FA,FKT,AMP,100041
12a,FA,FKT,AMP,100042
12a,FA,FKT,AMP,100043
12a,FA,FKT,AMP,100044
12a,FA,FKT,AMP,100045
12a,FA,FKT,AMP,100046
12a,FA,FKT,AMP,100047
12a,FA,FKT,AMP,100048
12a,FA,FKT,AMP,100049
12a,FA,FKT,AMP,100050
12a,FA,FKT,AMP,100051
12a,FA,FKT,AMP,100052
12a,FA,FKT,AMP,100053
12a,FA,FKT,AMP,100054
12a,FA,FKT,AMP,100055
12a,FA,FKT,AMP,100056
12a,FA,FKT,AMP,100057
12a,FA,FKT,AMP,100058
12a,FA,FKT,AMP,100059
12a,FA,FKT,AMP,100060
12a,FA,FKT,AMP,100061
12a,FA,FKT,AMP,100062
12a,FA,FKT,AMP,100063
12a,FA,FKT,AMP,100064
12a,FA,FKT,AMP,100065
12a,FA,FKT,AMP,100066
12a,FA,FKT,AMP,100067
12a,FA,FKT,AMP,100068
12a,FA,FKT,AMP,100069
12a,FA,FKT,AMP,100070
12a,FA,FKT,AMP,100071
12a,FA,FKT,AMP,100072
12a,FA,FKT,AMP,100073
12a,FA,FKT,AMP,100074
12a,FA,FKT,AMP,100075
12a,FA,FKT,AMP,100076
12a,FA,FKT,AMP,100077
12a,FA,FKT,AMP,100078
12a,FA,FKT,AMP,100079
12a,FA,FKT,AMP,100080
12a,FA,FKT,AMP,100081
12a,FA,FKT,AMP,100082
12a,FA,FKT,AMP,100083
12a,FA,FKT,AMP,100084
12a,FA,FKT,AMP,100085
12a,FA,FKT,AMP,100086
12a,FA,FKT,AMP,100087
12a,FA,FKT,AMP,100088
12a,FA,FKT,AMP,100089
12a,FA,FKT,AMP,100090
12a,FA,FKT,AMP,100091
12a,FA,FKT,AMP,100092
12a,FA,FKT,AMP,100093
12a,FA,FKT,AMP,100094
12a,FA,FKT,AMP,100095
12a,FA,FKT,AMP,100096
12a,FA,FKT,AMP,100097
12a,FA,FKT,AMP,100098
12a,FA,FKT,AMP,100099
12a,FA,FKT,AMP,100100
12a,FA,FKT,AMP,100101
12a,FA,FKT,AMP,100102
12a,FA,FKT,AMP,100103
12a,FA,FKT,AMP,100104
12a,FA,FKT,AMP,100105
12a,FA,FKT,AMP,100106
12a,FA,FKT,AMP,100107
12a,FA,FKT,AMP,100108
12a,FA,FKT,AMP,100109
12a,FA,FKT,AMP,100110
12a,FA,FKT,AMP,100111
12a,FA,FKT,AMP,100112
12a,FA,FKT,AMP,100113
12a,FA,FKT,AMP,100114
12a,FA,FKT,AMP,100115
12a,FA,FKT,AMP,100116
12a,FA,FKT,AMP,100117
12a,FA,FKT,AMP,100118
12a,FA,FKT,AMP,100119
12a,FA,FKT,AMP,100120
12a,FA,FKT,AMP,100121
12a,FA,FKT,AMP,100122
12a,FA,FKT,AMP,100123
12a,FA,FKT,AMP,100124
12a,FA,FKT,AMP,100125
12a,FA,FKT,AMP,100126
12a,FA,FKT,AMP,100127
12a,FA,FKT,AMP,100128
12a,FA,FKT,AMP,100129
12a,FA,FKT,AMP,100130
12a,FA,FKT,AMP,100131
12a,FA,FKT,AMP,100132
12a,FA,FKT,AMP,100133
12a,FA,FKT,AMP,100134
12a,FA,FKT,AMP,100135
12a,FA,FKT,AMP,100136
12a,FA,FKT,AMP,100137
12a,FA,FKT,AMP,100138
12a,FA,FKT,AMP,100139
12a,FA,FKT,AMP,100140
12a,FA,FKT,AMP,100141
12a,FA,FKT,AMP,100142
12a,FA,FKT,AMP,100143
12a,FA,FKT,AMP,100144
12a,FA,FKT,AMP,100145
12a,FA,FKT,AMP,100146
12a,FA,FKT,AMP,100147
12a,FA,FKT,AMP,100148
12a,FA,FKT,AMP,100149
12a,FA,FKT,AMP,100150
12a,FA,FKT,AMP,100151
12a,FA,FKT,AMP,100152
12a,FA,FKT,AMP,100153
12a,FA,FKT,AMP,100154
12a,FA,FKT,AMP,100155
12a,FA,FKT,AMP,100156
12a,FA,FKT,AMP,100157
12a,FA,FKT,AMP,100158
12a,FA,FKT,AMP,100159
12a,FA,FKT,AMP,100160
12a,FA,FKT,AMP,100161
12a,FA,FKT,AMP,100162
12a,FA,FKT,AMP,100163
12a,FA,FKT,AMP,100164
12a,FA,FKT,AMP,100165
12a,FA,FKT,AMP,100166
12a,FA,FKT,AMP,100167
12a,FA,FKT,AMP,100168
12a,FA,FKT,AMP,100169
12a,FA,FKT,AMP,100170
12a,FA,FKT,AMP,100171
12a,FA,FKT,AMP,100172
12a,FA,FKT,AMP,100173
12a,FA,FKT,AMP,100174
12a,FA,FKT,AMP,100175
12a,FA,FKT,AMP,100176
12a,FA,FKT,AMP,100177
12a,FA,FKT,AMP,100178
12a,FA,FKT,AMP,100179
12a,FA,FKT,AMP,100180
12a,FA,FKT,AMP,100181
12a,FA,FKT,AMP,100182
12a,FA,FKT,AMP,100183
12a,FA,FKT,AMP,100184
12a,FA,FKT,AMP,100185
12a,FA,FKT,AMP,100186
12a,FA,FKT,AMP,100187
12a,FA,FKT,AMP,100188
12a,FA,FKT,AMP,100189
12a,FA,FKT,AMP,100190
12a,FA,FKT,AMP,100191
12a,FA,FKT,AMP,100192
12a,FA,FKT,AMP,100193
12a,FA,FKT,AMP,100194
12a,FA,FKT,AMP,100195
12a,FA,FKT,AMP,100196
12d,FA,NSA,FKT,100197
12d,FA,NSA,FKT,100198
12d,FA,NSA,FKT,100199
12d,FA,NSA,FKT,100200
12d,FA,NSA,FKT,100201
12d,FA,NSA,FKT,100202
12d,FA,NSA,FKT,100203
12d,FA,NSA,FKT,100204
12d,FA,NSA,FKT,100205
12d,FA,NSA,FKT,100206
12d,FA,NSA,FKT,100207
12d,FA,NSA,FKT,100208
12d,FA,NSA,FKT,100209
12d,FA,NSA,FKT,100210
12d,FA,NSA,FKT,100211
12d,FA,NSA,FKT,100212
12d,FA,NSA,FKT,100213
12d,FA,NSA,FKT,100214
12d,FA,NSA,FKT,100215
12d,FA,NSA,FKT,100216
12d,FA,NSA,FKT,100217
12d,FA,NSA,FKT,100218
12d,FA,NSA,FKT,100219
12d,FA,NSA,FKT,100220
12d,FA,NSA,FKT,100221
12d,FA,NSA,FKT,100222
12d,FA,NSA,FKT,100223
12d,FA,NSA,FKT,100224
12d,FA,NSA,FKT,100225
12d,FA,NSA,FKT,100226
12d,FA,NSA,FKT,100227
12d,FA,NSA,FKT,100228
12d,FA,NSA,FKT,100229
12d,FA,NSA,FKT,100230
12d,FA,NSA,FKT,100231
12d,FA,NSA,FKT,100232
12d,FA,NSA,FKT,100233
12d,FA,NSA,FKT,100234
12d,FA,NSA,FKT,100235
12d,FA,NSA,FKT,100236
12d,FA,NSA,FKT,100237
12d,FA,NSA,FKT,100238
12d,FA,NSA,FKT,100239
12d,FA,NSA,FKT,100240
12d,FA,NSA,FKT,100241
12d,FA,NSA,FKT,100242
12d,FA,NSA,FKT,100243
12d,FA,NSA,FKT,100244
12d,FA,NSA,FKT,100245
12d,FA,NSA,FKT,100246
12d,FA,NSA,FKT,100247
12d,FA,NSA,FKT,100248
12d,FA,NSA,FKT,100249
12d,FA,NSA,FKT,100250
12d,FA,NSA,FKT,100251
12d,FA,NSA,FKT,100252
12d,FA,NSA,FKT,100253
12d,FA,NSA,FKT,100254
12d,FA,NSA,FKT,100255
12d,FA,NSA,FKT,100256
12d,FA,NSA,FKT,100257
12d,FA,NSA,FKT,100258
12d,FA,NSA,FKT,100259
12d,FA,NSA,FKT,100260
12d,FA,NSA,FKT,100261
12d,FA,NSA,FKT,100262
12d,FA,NSA,FKT,100263
12d,FA,NSA,FKT,100264
12d,FA,NSA,FKT,100265
12d,FA,NSA,FKT,100266
12d,FA,NSA,FKT,100267
12d,FA,NSA,FKT,100268
12d,FA,NSA,FKT,100269
12d,FA,NSA,FKT,100270
12d,FA,NSA,FKT,100271
12d,FA,NSA,FKT,100272
12d,FA,NSA,FKT,100273
12d,FA,NSA,FKT,100274
12d,FA,NSA,FKT,100275
12d,FA,NSA,FKT,100276
12d,FA,NSA,FKT,100277
12d,FA,NSA,FKT,100278
12d,FA,NSA,FKT,100279
12d,FA,NSA,FKT,100280
12d,FA,NSA,FKT,100281
12d,FA,NSA,FKT,100282
12d,FA,NSA,FKT,100283
12d,FA,NSA,FKT,100284
12d,FA,NSA,FKT,100285
12d,FA,NSA,FKT,100286
12d,FA,NSA,FKT,100287
12d,FA,NSA,FKT,100288
12d,FA,NSA,FKT,100289
12d,FA,NSA,FKT,100290
12d,FA,NSA,FKT,100291
12d,FA,NSA,FKT,100292
12d,FA,NSA,FKT,100293
12d,FA,NSA,FKT,100294
12d,FA,NSA,FKT,100295
12d,FA,NSA,FKT,100296
12d,FA,NSA,FKT,100297
12d,FA,NSA,FKT,100298
12d,FA,NSA,FKT,100299
12d,FA,NSA,FKT,100300
12d,FA,NSA,FKT,100301
12d,FA,NSA,FKT,100302
12d,FA,NSA,FKT,100303
12d,FA,NSA,FKT,100304
12d,FA,NSA,FKT,100305
12d,FA,NSA,FKT,100306
12d,FA,NSA,FKT,100307
12d,FA,NSA,FKT,100308
12d,FA,NSA,FKT,100309
12d,FA,NSA,FKT,100310
12d,FA,NSA,FKT,100311
12d,FA,NSA,FKT,100312
12d,FA,NSA,FKT,100313
12d,FA,NSA,FKT,100314
12d,FA,NSA,FKT,100315
12d,FA,NSA,FKT,100316
12d,FA,NSA,FKT,100317
12d,FA,NSA,FKT,100318
12d,FA,NSA,FKT,100319
12d,FA,NSA,FKT,100320
12d,FA,NSA,FKT,100321
12d,FA,NSA,FKT,100322
12d,FA,NSA,FKT,100323
12d,FA,NSA,FKT,100324
12d,FA,NSA,FKT,100325
12d,FA,NSA,FKT,100326
12d,FA,NSA,FKT,100327
12d,FA,NSA,FKT,100328
12d,FA,NSA,FKT,100329
12d,FA,NSA,FKT,100330
12d,FA,NSA,FKT,100331
12d,FA,NSA,FKT,100332
12d,FA,NSA,FKT,100333
12d,FA,NSA,FKT,100334
12d,FA,NSA,FKT,100335
12d,FA,NSA,FKT,100336
12d,FA,NSA,FKT,100337
12d,FA,NSA,FKT,100338
12d,FA,NSA,FKT,100339
12d,FA,NSA,FKT,100340
12d,FA,NSA,FKT,100341
12d,FA,NSA,FKT,100342
12d,FA,NSA,FKT,100343
12d,FA,NSA,FKT,100344
12d,FA,NSA,FKT,100345
12d,FA,NSA,FKT,100346
12d,FA,NSA,FKT,100347
12d,FA,NSA,FKT,100348
12d,FA,NSA,AMP,100349
12d,FA,NSA,AMP,100350
12d,FA,NSA,AMP,100351
12d,FA,NSA,AMP,100352
12d,FA,NSA,AMP,100353
12d,FA,NSA,AMP,100354
12d,FA,NSA,AMP,100355
12d,FA,NSA,AMP,100356
12d,FA,NSA,AMP,100357
12d,FA,NSA,AMP,100358
12d,FA,NSA,AMP,100359
12d,FA,NSA,AMP,100360
12d,FA,NSA,AMP,100361
12d,FA,NSA,AMP,100362
12d,FA,NSA,AMP,100363
12d,FA,NSA,AMP,100364
12a,FA,AMP,FKT,100365
12a,FA,AMP,FKT,100366
12a,FA,AMP,FKT,100367
12a,FA,AMP,FKT,100368
12a,FA,AMP,FKT,100369
12a,FA,AMP,FKT,100370
12a,FA,AMP,FKT,100371
12a,FA,AMP,FKT,100372
12a,FA,AMP,FKT,100373
12a,FA,AMP,FKT,100374
12a,FA,AMP,FKT,100375
12a,FA,AMP,FKT,100376
12a,FA,AMP,FKT,100377
12a,FA,AMP,FKT,100378
12a,FA,AMP,FKT,100379
12a,FA,AMP,FKT,100380
12a,FA,AMP,FKT,100381
12a,FA,AMP,FKT,100382
12a,FA,AMP,FKT,100383
12a,FA,AMP,FKT,100384
12a,FA,AMP,FKT,100385
12a,FA,AMP,FKT,100386
12a,FA,AMP,FKT,100387
12a,FA,AMP,FKT,100388
12a,FA,AMP,FKT,100389
12a,FA,AMP,FKT,100390
12a,FA,AMP,FKT,100391
12a,FA,AMP,FKT,100392
12a,FA,AMP,FKT,100393
12a,FA,AMP,FKT,100394
12a,FA,AMP,FKT,100395
12a,FA,AMP,FKT,100396
12a,FA,AMP,FKT,100397
12a,FA,AMP,FKT,100398
12a,FA,AMP,FKT,100399
12a,FA,AMP,FKT,100400
12a,FA,AMP,FKT,100401
12a,FA,AMP,FKT,100402
12a,FA,AMP,FKT,100403
12a,FA,AMP,FKT,100404
12a,FA,AMP,FKT,100405
12a,FA,AMP,FKT,100406
12a,FA,AMP,FKT,100407
12a,FA,AMP,FKT,100408
12a,FA,AMP,FKT,100409
12a,FA,AMP,FKT,100410
12a,FA,AMP,FKT,100411
12a,FA,AMP,FKT,100412
12a,FA,AMP,FKT,100413
12a,FA,AMP,FKT,100414
12a,FA,AMP,FKT,100415
12a,FA,AMP,FKT,100416
12a,FA,AMP,FKT,100417
12a,FA,AMP,FKT,100418
12a,FA,AMP,FKT,100419
12a,FA,AMP,FKT,100420
12a,FA,AMP,FKT,100421
12a,FA,AMP,FKT,100422
12a,FA,AMP,FKT,100423
12a,FA,AMP,FKT,100424
12a,FA,AMP,FKT,100425
12a,FA,AMP,FKT,100426
12a,FA,AMP,FKT,100427
12a,FA,AMP,FKT,100428
12a,FA,AMP,FKT,100429
12a,FA,AMP,FKT,100430
12a,FA,AMP,FKT,100431
12a,FA,AMP,FKT,100432
12a,FA,AMP,FKT,100433
12a,FA,AMP,FKT,100434
12a,FA,AMP,FKT,100435
12a,FA,AMP,FKT,100436
12a,FA,AMP,FKT,100437
12a,FA,AMP,FKT,100438
12a,FA,AMP,FKT,100439
12a,FA,AMP,FKT,100440
12a,FA,AMP,FKT,100441
12a,FA,AMP,FKT,100442
12a,FA,AMP,FKT,100443
12a,FA,AMP,FKT,100444
12a,FA,AMP,FKT,100445
12a,FA,AMP,FKT,100446
12a,FA,AMP,FKT,100447
12a,FA,AMP,FKT,100448
12a,FA,AMP,FKT,100449
12a,FA,AMP,FKT,100450
12a,FA,AMP,FKT,100451
12a,FA,AMP,FKT,100452
12a,FA,AMP,FKT,100453
12a,FA,AMP,NSA,100454
12a,FA,AMP,NSA,100455
12a,FA,AMP,NSA,100456
12a,FA,AMP,NSA,100457
12a,FA,AMP,NSA,100458
12a,FA,AMP,NSA,100459
12a,FA,AMP,NSA,100460
12a,FA,AMP,NSA,100461
12a,FA,AMP,NSA,100462
12a,FA,AMP,NSA,100463
12a,FA,AMP,NSA,100464
12a,FA,AMP,NSA,100465
12a,FA,AMP,NSA,100466
12a,FA,AMP,NSA,100467
12a,FA,AMP,NSA,100468
12a,FA,AMP,NSA,100469
g72,GA,FKT,NSA,100470
g72,GA,FKT,NSA,100471
g72,GA,FKT,NSA,100472
g72,GA,FKT,NSA,100473
g72,GA,FKT,NSA,100474
g72,GA,FKT,NSA,100475
g72,GA,FKT,NSA,100476
g72,GA,FKT,NSA,100477
g72,GA,FKT,NSA,100478
g72,GA,FKT,NSA,100479
g72,GA,FKT,NSA,100480
g72,GA,FKT,NSA,100481
g72,GA,FKT,NSA,100482
g72,GA,FKT,NSA,100483
g72,GA,FKT,NSA,100484
g72,GA,FKT,NSA,100485
g72,GA,FKT,NSA,100486
g72,GA,FKT,NSA,100487
g72,GA,FKT,NSA,100488
g72,GA,FKT,NSA,100489
g72,GA,FKT,NSA,100490
g72,GA,FKT,NSA,100491
g72,GA,FKT,NSA,100492
g72,GA,FKT,NSA,100493
g72,GA,FKT,NSA,100494
g72,GA,FKT,NSA,100495
g72,GA,FKT,NSA,100496
g72,GA,FKT,NSA,100497
g72,GA,FKT,NSA,100498
g72,GA,FKT,NSA,100499
g72,GA,FKT,NSA,100500
g72,GA,FKT,NSA,100501
g72,GA,FKT,NSA,100502
g72,GA,FKT,NSA,100503
g72,GA,FKT,NSA,100504
g72,GA,FKT,NSA,100505
g72,GA,FKT,NSA,100506
g72,GA,FKT,NSA,100507
g72,GA,FKT,NSA,100508
g72,GA,FKT,NSA,100509
g72,GA,FKT,NSA,100510
g72,GA,FKT,NSA,100511
g72,GA,FKT,NSA,100512
g72,GA,FKT,NSA,100513
g72,GA,FKT,NSA,100514
g72,GA,FKT,NSA,100515
g72,GA,FKT,NSA,100516
g72,GA,FKT,NSA,100517
g72,GA,FKT,NSA,100518
g72,GA,FKT,NSA,100519
g72,GA,FKT,NSA,100520
g72,GA,FKT,NSA,100521
g72,GA,FKT,NSA,100522
g72,GA,FKT,NSA,100523
g72,GA,FKT,NSA,100524
g72,GA,FKT,NSA,100525
g72,GA,FKT,NSA,100526
g72,GA,FKT,NSA,100527
g72,GA,FKT,NSA,100528
g72,GA,FKT,NSA,100529
g72,GA,FKT,NSA,100530
g72,GA,FKT,NSA,100531
g72,GA,FKT,NSA,100532
g72,GA,FKT,NSA,100533
g72,GA,FKT,NSA,100534
g72,GA,FKT,NSA,100535
g72,GA,FKT,NSA,100536
g72,GA,FKT,NSA,100537
g72,GA,FKT,NSA,100538
g72,GA,FKT,NSA,100539
g72,GA,FKT,NSA,100540
g72,GA,FKT,NSA,100541
g72,GA,FKT,NSA,100542
g72,GA,FKT,NSA,100543
g72,GA,FKT,NSA,100544
g72,GA,FKT,NSA,100545
g72,GA,FKT,NSA,100546
g72,GA,FKT,NSA,100547
g72,GA,FKT,NSA,100548
g72,GA,FKT,NSA,100549
g72,GA,FKT,NSA,100550
g72,GA,FKT,NSA,100551
g72,GA,FKT,NSA,100552
g72,GA,FKT,NSA,100553
g72,GA,FKT,NSA,100554
g72,GA,FKT,NSA,100555
g72,GA,FKT,NSA,100556
g72,GA,FKT,NSA,100557
g72,GA,FKT,NSA,100558
g72,GA,FKT,NSA,100559
g72,GA,FKT,NSA,100560
g72,GA,FKT,NSA,100561
g72,GA,FKT,NSA,100562
g72,GA,FKT,NSA,100563
g72,GA,FKT,NSA,100564
g72,GA,FKT,NSA,100565
g72,GA,FKT,NSA,100566
g72,GA,FKT,NSA,100567
g72,GA,FKT,NSA,100568
g72,GA,FKT,NSA,100569
g72,GA,FKT,NSA,100570
g72,GA,FKT,NSA,100571
g72,GA,FKT,NSA,100572
g72,GA,FKT,NSA,100573
g72,GA,FKT,NSA,100574
g72,GA,FKT,NSA,100575
g72,GA,FKT,NSA,100576
g72,GA,FKT,NSA,100577
g72,GA,FKT,AA,100578
g72,GA,FKT,AA,100579
g72,GA,FKT,AA,100580
g72,GA,FKT,AA,100581
g72,GA,FKT,AA,100582
g72,GA,FKT,AA,100583
g72,GA,FKT,AA,100584
g72,GA,FKT,AA,100585
g72,GA,FKT,AA,100586
g72,GA,FKT,AA,100587
g72,GA,FKT,AA,100588
g72,GA,FKT,AA,100589
g72,GA,FKT,AA,100590
g72,GA,NSA,FKT,100591
g72,GA,NSA,FKT,100592
g72,GA,NSA,FKT,100593
g72,GA,NSA,FKT,100594
g72,GA,NSA,FKT,100595
g72,GA,NSA,FKT,100596
g72,GA,NSA,FKT,100597
g72,GA,NSA,FKT,100598
g72,GA,NSA,FKT,100599
g72,GA,NSA,FKT,100600
g72,GA,NSA,FKT,100601
g72,GA,NSA,FKT,100602
g72,GA,NSA,FKT,100603
g72,GA,NSA,FKT,100604
g72,GA,NSA,FKT,100605
g72,GA,NSA,FKT,100606
g72,GA,NSA,FKT,100607
g72,GA,NSA,FKT,100608
g72,GA,NSA,FKT,100609
g72,GA,NSA,FKT,100610
g72,GA,NSA,FKT,100611
g72,GA,NSA,FKT,100612
g72,GA,NSA,FKT,100613
g72,GA,NSA,FKT,100614
g72,GA,NSA,FKT,100615
g72,GA,NSA,FKT,100616
g72,GA,NSA,FKT,100617
g72,GA,NSA,FKT,100618
g72,GA,NSA,FKT,100619
g72,GA,NSA,FKT,100620
g72,GA,NSA,FKT,100621
g72,GA,NSA,FKT,100622
g72,GA,NSA,FKT,100623
g72,GA,NSA,FKT,100624
g72,GA,NSA,FKT,100625
g72,GA,NSA,FKT,100626
g72,GA,NSA,FKT,100627
g72,GA,NSA,FKT,100628
g72,GA,NSA,FKT,100629
g72,GA,NSA,FKT,100630
g72,GA,NSA,FKT,100631
g72,GA,NSA,FKT,100632
g72,GA,NSA,FKT,100633
g72,GA,NSA,FKT,100634
g72,GA,NSA,FKT,100635
g72,GA,NSA,FKT,100636
g72,GA,NSA,FKT,100637
g72,GA,NSA,FKT,100638
g72,GA,NSA,FKT,100639
g72,GA,NSA,FKT,100640
g72,GA,NSA,FKT,100641
g72,GA,NSA,FKT,100642
g72,GA,NSA,FKT,100643
g72,GA,NSA,FKT,100644
g72,GA,NSA,FKT,100645
g72,GA,NSA,FKT,100646
g72,GA,NSA,FKT,100647
g72,GA,NSA,FKT,100648
g72,GA,NSA,FKT,100649
g72,GA,NSA,FKT,100650
g72,GA,NSA,FKT,100651
g72,GA,NSA,FKT,100652
g72,GA,NSA,FKT,100653
g72,GA,NSA,FKT,100654
g72,GA,NSA,FKT,100655
g72,GA,NSA,FKT,100656
g72,GA,NSA,FKT,100657
g72,GA,NSA,FKT,100658
g72,GA,NSA,FKT,100659
g72,GA,NSA,FKT,100660
g72,GA,NSA,FKT,100661
g72,GA,NSA,FKT,100662
g72,GA,NSA,FKT,100663
g72,GA,NSA,FKT,100664
g72,GA,NSA,FKT,100665
g72,GA,NSA,FKT,100666
g72,GA,NSA,FKT,100667
g72,GA,NSA,FKT,100668
g72,GA,NSA,FKT,100669
g72,GA,NSA,FKT,100670
g72,GA,NSA,FKT,100671
g72,GA,NSA,FKT,100672
g72,GA,NSA,FKT,100673
g72,GA,NSA,FKT,100674
g72,GA,NSA,FKT,100675
g72,GA,NSA,FKT,100676
g72,GA,NSA,FKT,100677
g72,GA,NSA,FKT,100678
g72,GA,NSA,FKT,100679
g72,GA,NSA,FKT,100680
g72,GA,NSA,FKT,100681
g72,GA,NSA,FKT,100682
g72,GA,NSA,FKT,100683
g72,GA,NSA,FKT,100684
g72,GA,NSA,FKT,100685
g72,GA,NSA,FKT,100686
g72,GA,NSA,FKT,100687
g72,GA,NSA,FKT,100688
g72,GA,NSA,FKT,100689
g72,GA,NSA,FKT,100690
g72,GA,NSA,FKT,100691
g72,GA,NSA,FKT,100692
g72,GA,NSA,FKT,100693
g72,GA,NSA,FKT,100694
g72,GA,NSA,FKT,100695
g72,GA,NSA,FKT,100696
g72,GA,NSA,FKT,100697
g72,GA,NSA,FKT,100698
g72,GA,NSA,FKT,100699
g72,GA,NSA,FKT,100700
g72,GA,NSA,FKT,100701
g72,GA,NSA,FKT,100702
g72,GA,NSA,FKT,100703
g72,GA,NSA,FKT,100704
g72,GA,NSA,FKT,100705
g72,GA,NSA,FKT,100706
g72,GA,NSA,FKT,100707
g72,GA,NSA,FKT,100708
g72,GA,NSA,FKT,100709
g72,GA,NSA,FKT,100710
g72,GA,NSA,FKT,100711
g72,GA,NSA,FKT,100712
g72,GA,NSA,FKT,100713
g72,GA,NSA,FKT,100714
g72,GA,NSA,FKT,100715
g72,GA,NSA,FKT,100716
g72,GA,NSA,FKT,100717
g72,GA,NSA,FKT,100718
g72,GA,NSA,FKT,100719
g72,GA,NSA,FKT,100720
g72,GA,NSA,FKT,100721
g72,GA,NSA,FKT,100722
g72,GA,NSA,FKT,100723
g72,GA,NSA,FKT,100724
g72,GA,NSA,FKT,100725
g72,GA,NSA,FKT,100726
g72,GA,NSA,FKT,100727
g72,GA,NSA,FKT,100728
g72,GA,NSA,FKT,100729
g72,GA,NSA,FKT,100730
g72,GA,NSA,FKT,100731
g72,GA,NSA,FKT,100732
g72,GA,NSA,FKT,100733
g72,GA,NSA,FKT,100734
g72,GA,NSA,FKT,100735
g72,GA,NSA,FKT,100736
g72,GA,NSA,FKT,100737
g72,GA,NSA,FKT,100738
g72,GA,NSA,FKT,100739
g72,GA,NSA,FKT,100740
g72,GA,NSA,FKT,100741
g72,GA,NSA,FKT,100742
g72,GA,NSA,FKT,100743
g72,GA,NSA,FKT,100744
g72,GA,NSA,FKT,100745
g72,GA,NSA,FKT,100746
g72,GA,NSA,FKT,100747
g72,GA,NSA,FKT,100748
g72,GA,NSA,FKT,100749
g72,GA,NSA,FKT,100750
g72,GA,NSA,FKT,100751
g72,GA,NSA,FKT,100752
g72,GA,NSA,FKT,100753
g72,GA,NSA,FKT,100754
g72,GA,NSA,FKT,100755
g72,GA,NSA,FKT,100756
g72,GA,NSA,FKT,100757
g72,GA,NSA,FKT,100758
g72,GA,NSA,FKT,100759
g72,GA,NSA,FKT,100760
g72,GA,NSA,FKT,100761
g72,GA,NSA,FKT,100762
g72,GA,NSA,FKT,100763
g72,GA,NSA,FKT,100764
g72,GA,NSA,FKT,100765
g72,GA,NSA,FKT,100766
g72,GA,NSA,FKT,100767
g72,GA,NSA,FKT,100768
g72,GA,NSA,FKT,100769
g72,GA,NSA,FKT,100770
g72,GA,NSA,FKT,100771
g72,GA,NSA,FKT,100772
g72,GA,NSA,FKT,100773
g72,GA,NSA,FKT,100774
g72,GA,NSA,FKT,100775
g72,GA,NSA,FKT,100776
g72,GA,NSA,FKT,100777
g72,GA,NSA,FKT,100778
g72,GA,NSA,FKT,100779
g72,GA,NSA,FKT,100780
g72,GA,NSA,FKT,100781
g72,GA,NSA,FKT,100782
g72,GA,NSA,FKT,100783
g72,GA,NSA,FKT,100784
g72,GA,NSA,FKT,100785
g72,GA,NSA,FKT,100786
g72,GA,NSA,FKT,100787
g72,GA,NSA,FKT,100788
g72,GA,NSA,FKT,100789
g72,GA,NSA,FKT,100790
g72,GA,NSA,FKT,100791
g72,GA,NSA,FKT,100792
g72,GA,NSA,FKT,100793
g72,GA,NSA,FKT,100794
g72,GA,NSA,FKT,100795
g72,GA,NSA,FKT,100796
g72,GA,NSA,FKT,100797
g72,GA,NSA,FKT,100798
g72,GA,NSA,FKT,100799
g72,GA,NSA,FKT,100800
g72,GA,NSA,FKT,100801
g72,GA,NSA,FKT,100802
g72,GA,NSA,FKT,100803
g72,GA,NSA,FKT,100804
g72,GA,NSA,FKT,100805
g72,GA,NSA,FKT,100806
g72,GA,NSA,FKT,100807
g72,GA,NSA,FKT,100808
g72,GA,NSA,FKT,100809
g72,GA,NSA,FKT,100810
g72,GA,NSA,FKT,100811
g72,GA,NSA,FKT,100812
g72,GA,NSA,FKT,100813
g72,GA,NSA,FKT,100814
g72,GA,NSA,FKT,100815
g72,GA,NSA,FKT,100816
g72,GA,NSA,FKT,100817
g72,GA,NSA,FKT,100818
g72,GA,NSA,FKT,100819
g72,GA,NSA,FKT,100820
g72,GA,NSA,FKT,100821
g72,GA,NSA,FKT,100822
g72,GA,NSA,FKT,100823
g72,GA,NSA,FKT,100824
g72,GA,NSA,FKT,100825
g72,GA,NSA,FKT,100826
g72,GA,NSA,FKT,100827
g72,GA,NSA,FKT,100828
g72,GA,NSA,FKT,100829
g72,GA,NSA,FKT,100830
g72,GA,NSA,FKT,100831
g72,GA,NSA,FKT,100832
g72,GA,NSA,FKT,100833
g72,GA,NSA,FKT,100834
g72,GA,NSA,FKT,100835
g72,GA,NSA,FKT,100836
g72,GA,NSA,FKT,100837
g72,GA,NSA,FKT,100838
g72,GA,NSA,FKT,100839
g72,GA,NSA,FKT,100840
g72,GA,NSA,FKT,100841
g72,GA,NSA,FKT,100842
g72,GA,NSA,FKT,100843
g72,GA,NSA,FKT,100844
g72,GA,NSA,FKT,100845
g72,GA,NSA,FKT,100846
g72,GA,NSA,FKT,100847
g72,GA,NSA,FKT,100848
g72,GA,NSA,FKT,100849
g72,GA,NSA,FKT,100850
g72,GA,NSA,FKT,100851
g72,GA,NSA,FKT,100852
g72,GA,NSA,FKT,100853
g72,GA,NSA,FKT,100854
g72,GA,NSA,FKT,100855
g72,GA,NSA,FKT,100856
g72,GA,NSA,FKT,100857
g72,GA,NSA,FKT,100858
g72,GA,NSA,FKT,100859
g72,GA,NSA,FKT,100860
g72,GA,NSA,FKT,100861
g72,GA,NSA,FKT,100862
g72,GA,NSA,FKT,100863
g72,GA,NSA,FKT,100864
g72,GA,NSA,FKT,100865
g72,GA,NSA,FKT,100866
g72,GA,NSA,FKT,100867
g72,GA,NSA,FKT,100868
g72,GA,NSA,FKT,100869
g72,GA,NSA,FKT,100870
g72,GA,NSA,FKT,100871
g72,GA,NSA,FKT,100872
g72,GA,NSA,FKT,100873
g72,GA,NSA,FKT,100874
g72,GA,NSA,FKT,100875
g72,GA,NSA,FKT,100876
g72,GA,NSA,FKT,100877
g72,GA,NSA,FKT,100878
g72,GA,NSA,FKT,100879
g72,GA,NSA,FKT,100880
g72,GA,NSA,FKT,100881
g72,GA,NSA,FKT,100882
g72,GA,NSA,FKT,100883
g72,GA,NSA,FKT,100884
g72,GA,NSA,FKT,100885
g72,GA,NSA,FKT,100886
g72,GA,NSA,FKT,100887
g72,GA,NSA,FKT,100888
g72,GA,NSA,FKT,100889
g72,GA,NSA,FKT,100890
g72,GA,NSA,FKT,100891
g72,GA,NSA,FKT,100892
g72,GA,NSA,FKT,100893
g72,GA,NSA,FKT,100894
g72,GA,NSA,FKT,100895
g72,GA,NSA,FKT,100896
g72,GA,NSA,FKT,100897
g72,GA,NSA,FKT,100898
g72,GA,NSA,FKT,100899
g72,GA,NSA,FKT,100900
g72,GA,NSA,FKT,100901
g72,GA,NSA,FKT,100902
g72,GA,NSA,FKT,100903
g72,GA,NSA,FKT,100904
g72,GA,NSA,FKT,100905
g72,GA,NSA,FKT,100906
g72,GA,NSA,FKT,100907
g72,GA,NSA,FKT,100908
g72,GA,NSA,FKT,100909
g72,GA,NSA,FKT,100910
g72,GA,NSA,FKT,100911
g72,GA,NSA,FKT,100912
g72,GA,NSA,FKT,100913
g72,GA,NSA,FKT,100914
g72,GA,NSA,FKT,100915
g72,GA,NSA,FKT,100916
g72,GA,NSA,FKT,100917
g72,GA,NSA,FKT,100918
g72,GA,NSA,FKT,100919
g72,GA,NSA,FKT,100920
g72,GA,NSA,FKT,100921
g72,GA,NSA,FKT,100922
g72,GA,NSA,FKT,100923
g72,GA,NSA,FKT,100924
g72,GA,NSA,FKT,100925
g72,GA,NSA,FKT,100926
g72,GA,NSA,FKT,100927
g72,GA,NSA,FKT,100928
g72,GA,NSA,FKT,100929
g72,GA,NSA,FKT,100930
g72,GA,NSA,FKT,100931
g72,GA,NSA,FKT,100932
g72,GA,NSA,FKT,100933
g72,GA,NSA,FKT,100934
g72,GA,NSA,FKT,100935
g72,GA,NSA,FKT,100936
g72,GA,NSA,FKT,100937
g72,GA,NSA,FKT,100938
g72,GA,NSA,FKT,100939
g72,GA,NSA,FKT,100940
g72,GA,NSA,FKT,100941
g72,GA,NSA,FKT,100942
g72,GA,NSA,FKT,100943
g72,GA,NSA,FKT,100944
g72,GA,NSA,FKT,100945
g72,GA,NSA,FKT,100946
g72,GA,NSA,FKT,100947
g72,GA,NSA,FKT,100948
g72,GA,NSA,FKT,100949
g72,GA,NSA,FKT,100950
g72,GA,NSA,FKT,100951
g72,GA,NSA,FKT,100952
g72,GA,NSA,FKT,100953
g72,GA,NSA,FKT,100954
g72,GA,NSA,FKT,100955
g72,GA,NSA,FKT,100956
g72,GA,NSA,FKT,100957
g72,GA,NSA,FKT,100958
g72,GA,NSA,FKT,100959
g72,GA,NSA,FKT,100960
g72,GA,NSA,FKT,100961
g72,GA,NSA,FKT,100962
g72,GA,NSA,FKT,100963
g72,GA,NSA,FKT,100964
g72,GA,NSA,FKT,100965
g72,GA,NSA,FKT,100966
g72,GA,NSA,FKT,100967
g72,GA,NSA,FKT,100968
g72,GA,NSA,FKT,100969
g72,GA,NSA,FKT,100970
g72,GA,NSA,FKT,100971
g72,GA,NSA,FKT,100972
g72,GA,NSA,FKT,100973
g72,GA,NSA,FKT,100974
g72,GA,NSA,FKT,100975
g72,GA,NSA,FKT,100976
g72,GA,NSA,FKT,100977
g72,GA,NSA,FKT,100978
g72,GA,NSA,FKT,100979
g72,GA,NSA,FKT,100980
g72,GA,NSA,FKT,100981
g72,GA,NSA,FKT,100982
g72,GA,NSA,FKT,100983
g72,GA,NSA,FKT,100984
g72,GA,NSA,FKT,100985
g72,GA,NSA,FKT,100986
g72,GA,NSA,FKT,100987
g72,GA,NSA,FKT,100988
g72,GA,NSA,FKT,100989
g72,GA,NSA,FKT,100990
g72,GA,NSA,FKT,100991
g72,GA,NSA,FKT,100992
g72,GA,NSA,FKT,100993
g72,GA,NSA,FKT,100994
g72,GA,NSA,FKT,100995
g72,GA,NSA,FKT,100996
g72,GA,NSA,FKT,100997
g72,GA,NSA,FKT,100998
g72,GA,NSA,FKT,100999
g72,GA,NSA,FKT,101000
g72,GA,NSA,FKT,101001
g72,GA,NSA,FKT,101002
g72,GA,NSA,FKT,101003
g72,GA,NSA,FKT,101004
g72,GA,NSA,FKT,101005
g72,GA,NSA,FKT,101006
g72,GA,NSA,FKT,101007
g72,GA,NSA,FKT,101008
g72,GA,NSA,FKT,101009
g72,GA,NSA,FKT,101010
g72,GA,NSA,FKT,101011
g72,GA,NSA,FKT,101012
g72,GA,NSA,FKT,101013
g72,GA,NSA,FKT,101014
g72,GA,NSA,FKT,101015
g72,GA,NSA,FKT,101016
g72,GA,NSA,FKT,101017
g72,GA,NSA,FKT,101018
g72,GA,NSA,FKT,101019
g72,GA,NSA,FKT,101020
g72,GA,NSA,FKT,101021
g72,GA,NSA,FKT,101022
g72,GA,NSA,FKT,101023
g72,GA,NSA,FKT,101024
g72,GA,NSA,FKT,101025
g72,GA,NSA,FKT,101026
g72,GA,NSA,FKT,101027
g72,GA,NSA,FKT,101028
g72,GA,NSA,FKT,101029
g72,GA,NSA,FKT,101030
g72,GA,NSA,FKT,101031
g72,GA,NSA,FKT,101032
g72,GA,NSA,FKT,101033
g72,GA,NSA,FKT,101034
g72,GA,NSA,FKT,101035
g72,GA,NSA,FKT,101036
g72,GA,NSA,FKT,101037
g72,GA,NSA,FKT,101038
g72,GA,NSA,FKT,101039
g72,GA,NSA,FKT,101040
g72,GA,NSA,FKT,101041
g72,GA,NSA,FKT,101042
g72,GA,NSA,FKT,101043
g72,GA,NSA,FKT,101044
g72,GA,NSA,FKT,101045
g72,GA,NSA,FKT,101046
g72,GA,NSA,FKT,101047
g72,GA,NSA,FKT,101048
g72,GA,NSA,FKT,101049
g72,GA,NSA,FKT,101050
g72,GA,NSA,FKT,101051
g72,GA,NSA,FKT,101052
g72,GA,NSA,FKT,101053
g72,GA,NSA,FKT,101054
g72,GA,NSA,FKT,101055
g72,GA,NSA,FKT,101056
g72,GA,NSA,FKT,101057
g72,GA,NSA,FKT,101058
g72,GA,NSA,FKT,101059
g72,GA,NSA,FKT,101060
g72,GA,NSA,FKT,101061
g72,GA,NSA,FKT,101062
g72,GA,NSA,FKT,101063
g72,GA,NSA,FKT,101064
g72,GA,NSA,FKT,101065
g72,GA,NSA,FKT,101066
g72,GA,NSA,FKT,101067
g72,GA,NSA,FKT,101068
g72,GA,NSA,FKT,101069
g72,GA,NSA,FKT,101070
g72,GA,NSA,FKT,101071
g72,GA,NSA,FKT,101072
g72,GA,NSA,FKT,101073
g72,GA,NSA,FKT,101074
g72,GA,NSA,FKT,101075
g72,GA,NSA,FKT,101076
g72,GA,NSA,FKT,101077
g72,GA,NSA,FKT,101078
g72,GA,NSA,FKT,101079
g72,GA,NSA,FKT,101080
g72,GA,NSA,FKT,101081
g72,GA,NSA,FKT,101082
g72,GA,NSA,FKT,101083
g72,GA,NSA,FKT,101084
g72,GA,NSA,FKT,101085
g72,GA,NSA,FKT,101086
g72,GA,NSA,FKT,101087
g72,GA,NSA,FKT,101088
g72,GA,NSA,FKT,101089
g72,GA,NSA,FKT,101090
g72,GA,NSA,FKT,101091
g72,GA,NSA,FKT,101092
g72,GA,NSA,FKT,101093
g72,GA,NSA,FKT,101094
g72,GA,NSA,FKT,101095
g72,GA,NSA,FKT,101096
g72,GA,NSA,FKT,101097
g72,GA,NSA,FKT,101098
g72,GA,NSA,FKT,101099
g72,GA,NSA,FKT,101100
g72,GA,NSA,FKT,101101
g72,GA,NSA,FKT,101102
g72,GA,NSA,FKT,101103
g72,GA,NSA,FKT,101104
g72,GA,NSA,FKT,101105
g72,GA,NSA,FKT,101106
g72,GA,NSA,FKT,101107
g72,GA,NSA,FKT,101108
g72,GA,NSA,FKT,101109
g72,GA,NSA,FKT,101110
g72,GA,NSA,FKT,101111
g72,GA,NSA,FKT,101112
g72,GA,NSA,FKT,101113
g72,GA,NSA,FKT,101114
g72,GA,NSA,FKT,101115
g72,GA,NSA,FKT,101116
g72,GA,NSA,FKT,101117
g72,GA,NSA,FKT,101118
g72,GA,NSA,FKT,101119
g72,GA,NSA,FKT,101120
g72,GA,NSA,FKT,101121
g72,GA,NSA,FKT,101122
g72,GA,NSA,FKT,101123
g72,GA,NSA,FKT,101124
g72,GA,NSA,FKT,101125
g72,GA,NSA,FKT,101126
g72,GA,NSA,FKT,101127
g72,GA,NSA,FKT,101128
g72,GA,NSA,FKT,101129
g72,GA,NSA,FKT,101130
g72,GA,NSA,FKT,101131
g72,GA,NSA,FKT,101132
g72,GA,NSA,FKT,101133
g72,GA,NSA,FKT,101134
g72,GA,NSA,FKT,101135
g72,GA,NSA,FKT,101136
g72,GA,NSA,FKT,101137
g72,GA,NSA,FKT,101138
g72,GA,NSA,FKT,101139
g72,GA,NSA,FKT,101140
g72,GA,NSA,FKT,101141
g72,GA,NSA,AMP,101142
g72,GA,NSA,AMP,101143
g72,GA,NSA,AMP,101144
g72,GA,NSA,AMP,101145
g72,GA,NSA,AMP,101146
g72,GA,NSA,AMP,101147
g72,GA,NSA,AMP,101148
g72,GA,NSA,AMP,101149
g72,GA,NSA,AMP,101150
g72,GA,NSA,AMP,101151
g72,GA,NSA,AMP,101152
g72,GA,NSA,AMP,101153
g72,GA,NSA,AMP,101154
g72,GA,NSA,AMP,101155
g72,GA,NSA,AMP,101156
g72,GA,NSA,AMP,101157
g72,GA,NSA,AMP,101158
g72,GA,NSA,AMP,101159
g72,GA,NSA,AMP,101160
g72,GA,NSA,AMP,101161
g72,GA,NSA,AMP,101162
g72,GA,NSA,AMP,101163
g72,GA,NSA,AMP,101164
g72,GA,NSA,AMP,101165
g72,GA,NSA,AMP,101166
g72,GA,NSA,AMP,101167
g72,GA,NSA,AMP,101168
g72,GA,NSA,AMP,101169
g72,GA,NSA,AMP,101170
g72,GA,NSA,AMP,101171
g72,GA,NSA,AMP,101172
g72,GA,NSA,AMP,101173
g72,GA,NSA,AMP,101174
g72,GA,NSA,AMP,101175
g72,GA,NSA,AMP,101176
g72,GA,NSA,AMP,101177
g72,GA,NSA,AMP,101178
g72,GA,NSA,AMP,101179
g72,GA,NSA,AMP,101180
g72,GA,NSA,AMP,101181
g72,GA,NSA,AMP,101182
g72,GA,NSA,AMP,101183
g72,GA,NSA,AMP,101184
g72,GA,NSA,AMP,101185
g72,GA,NSA,AMP,101186
g72,GA,NSA,AMP,101187
g72,GA,NSA,AMP,101188
g72,GA,NSA,AMP,101189
g72,GA,NSA,AMP,101190
g72,GA,NSA,AMP,101191
g72,GA,NSA,AMP,101192
g72,GA,NSA,AMP,101193
g72,GA,NSA,AMP,101194
g72,GA,NSA,AMP,101195
g72,GA,NSA,AMP,101196
g72,GA,NSA,AMP,101197
g72,GA,NSA,AMP,101198
g72,GA,NSA,AMP,101199
g72,GA,NSA,AMP,101200
g72,GA,NSA,AMP,101201
g72,GA,NSA,AMP,101202
g72,GA,NSA,AMP,101203
g72,GA,NSA,AMP,101204
g72,GA,NSA,AMP,101205
g72,GA,NSA,AMP,101206
g72,GA,NSA,AMP,101207
g72,GA,NSA,AMP,101208
g72,GA,NSA,AMP,101209
g72,GA,NSA,AMP,101210
g72,GA,NSA,AMP,101211
g72,GA,NSA,AMP,101212
g72,GA,NSA,AMP,101213
g72,GA,NSA,AMP,101214
g72,GA,NSA,AMP,101215
g72,GA,NSA,AMP,101216
g72,GA,NSA,AMP,101217
g72,GA,NSA,AMP,101218
g72,GA,NSA,AMP,101219
g72,GA,NSA,AMP,101220
g72,GA,NSA,AMP,101221
g72,GA,NSA,AMP,101222
g72,GA,NSA,AMP,101223
g72,GA,NSA,AMP,101224
g72,GA,NSA,AMP,101225
g72,GA,NSA,AMP,101226
g72,GA,NSA,AMP,101227
g72,GA,NSA,AMP,101228
g72,GA,NSA,AMP,101229
g72,GA,NSA,AMP,101230
g72,GA,NSA,AMP,101231
g72,GA,NSA,AMP,101232
g72,GA,NSA,AMP,101233
g72,GA,NSA,AMP,101234
g72,GA,NSA,AMP,101235
g72,GA,NSA,AMP,101236
g72,GA,NSA,AMP,101237
g72,GA,NSA,AMP,101238
g72,GA,NSA,AMP,101239
g72,GA,NSA,AMP,101240
g72,GA,NSA,AMP,101241
g72,GA,NSA,AMP,101242
g72,GA,NSA,AMP,101243
g72,GA,NSA,AMP,101244
g72,GA,NSA,AMP,101245
g72,GA,NSA,AMP,101246
g72,GA,NSA,AMP,101247
g72,GA,NSA,AMP,101248
g72,GA,NSA,AMP,101249
g72,GA,NSA,AMP,101250
g72,GA,NSA,AMP,101251
g72,GA,NSA,AMP,101252
g72,GA,NSA,AMP,101253
g72,GA,NSA,AMP,101254
g72,GA,NSA,AMP,101255
g72,GA,NSA,AMP,101256
g72,GA,NSA,AMP,101257
g72,GA,NSA,AMP,101258
g72,GA,NSA,AMP,101259
g72,GA,NSA,AMP,101260
g72,GA,NSA,AMP,101261
g72,GA,NSA,AMP,101262
g72,GA,NSA,AMP,101263
g72,GA,NSA,AMP,101264
g72,GA,NSA,AMP,101265
g72,GA,NSA,AMP,101266
g72,GA,NSA,AMP,101267
g72,GA,NSA,AMP,101268
g72,GA,NSA,AMP,101269
g72,GA,NSA,AMP,101270
g72,GA,NSA,AMP,101271
g72,GA,NSA,AMP,101272
g72,GA,NSA,AMP,101273
g72,GA,NSA,AMP,101274
g72,GA,NSA,AMP,101275
g72,GA,NSA,AMP,101276
g72,GA,NSA,AMP,101277
g72,GA,NSA,AMP,101278
g72,GA,NSA,AMP,101279
g72,GA,NSA,AMP,101280
g72,GA,NSA,AMP,101281
g72,GA,NSA,AMP,101282
g72,GA,NSA,AMP,101283
g72,GA,NSA,AMP,101284
g72,GA,NSA,AMP,101285
g72,GA,NSA,AMP,101286
g72,GA,NSA,AMP,101287
g72,GA,NSA,AMP,101288
g72,GA,NSA,AMP,101289
g72,GA,NSA,AMP,101290
g72,GA,NSA,AMP,101291
g72,GA,NSA,AMP,101292
g72,GA,NSA,AMP,101293
g72,GA,NSA,AMP,101294
g72,GA,NSA,AMP,101295
g72,GA,NSA,AMP,101296
g72,GA,NSA,AMP,101297
g72,GA,NSA,AMP,101298
g72,GA,NSA,AMP,101299
g72,GA,NSA,AMP,101300
g72,GA,NSA,AMP,101301
g72,GA,NSA,AMP,101302
g72,GA,NSA,AMP,101303
g72,GA,NSA,AMP,101304
g72,GA,NSA,AMP,101305
g72,GA,NSA,AMP,101306
g72,GA,NSA,AMP,101307
g72,GA,NSA,AMP,101308
g72,GA,NSA,AMP,101309
g72,GA,NSA,AMP,101310
g72,GA,NSA,AMP,101311
g72,GA,NSA,AMP,101312
g72,GA,NSA,AMP,101313
g72,GA,NSA,AMP,101314
g72,GA,NSA,AMP,101315
g72,GA,NSA,AMP,101316
g72,GA,NSA,AMP,101317
g72,GA,NSA,AMP,101318
g72,GA,NSA,AMP,101319
g72,GA,NSA,AMP,101320
g72,GA,NSA,AMP,101321
g72,GA,NSA,AMP,101322
g72,GA,NSA,AMP,101323
g72,GA,NSA,AMP,101324
g72,GA,NSA,AMP,101325
g72,GA,NSA,AMP,101326
g72,GA,NSA,AMP,101327
g72,GA,NSA,AMP,101328
g72,GA,NSA,AMP,101329
g72,GA,NSA,AMP,101330
g72,GA,NSA,AMP,101331
g72,GA,NSA,AMP,101332
g72,GA,NSA,AMP,101333
g72,GA,AMP,FKT,101334
g72,GA,AMP,FKT,101335
g72,GA,AMP,FKT,101336
g72,GA,AMP,FKT,101337
g72,GA,AMP,FKT,101338
g72,GA,AMP,FKT,101339
g72,GA,AMP,FKT,101340
g72,GA,AMP,FKT,101341
g72,GA,AMP,FKT,101342
g72,GA,AMP,FKT,101343
g72,GA,AMP,FKT,101344
g72,GA,AMP,FKT,101345
g72,GA,AMP,FKT,101346
g72,GA,AMP,FKT,101347
g72,GA,AMP,FKT,101348
g72,GA,AMP,FKT,101349
g72,GA,AMP,FKT,101350
g72,GA,AMP,FKT,101351
g72,GA,AMP,FKT,101352
g72,GA,AMP,FKT,101353
g72,GA,AMP,FKT,101354
g72,GA,AMP,FKT,101355
g72,GA,AMP,FKT,101356
g72,GA,AMP,FKT,101357
g72,GA,AMP,FKT,101358
g72,GA,AMP,FKT,101359
g72,GA,AMP,FKT,101360
g72,GA,AMP,FKT,101361
g72,GA,AMP,FKT,101362
g72,GA,AMP,FKT,101363
g72,GA,AMP,NSA,101364
g72,GA,AMP,NSA,101365
g72,GA,AMP,NSA,101366
g72,GA,AMP,NSA,101367
g72,GA,AMP,NSA,101368
g72,GA,AMP,NSA,101369
g72,GA,AMP,NSA,101370
g72,GA,AMP,NSA,101371
g72,GA,AMP,NSA,101372
g72,GA,AMP,NSA,101373
g72,GA,AMP,NSA,101374
g72,GA,AMP,NSA,101375
g72,GA,AMP,NSA,101376
g72,GA,AMP,NSA,101377
g72,GA,AMP,NSA,101378
g72,GA,AMP,NSA,101379
g72,GA,AMP,NSA,101380
g72,GA,AMP,NSA,101381
g72,GA,AMP,NSA,101382
g72,GA,AMP,NSA,101383
g72,GA,AMP,NSA,101384
g72,GA,AMP,NSA,101385
g72,GA,AMP,NSA,101386
g72,GA,AMP,NSA,101387
g72,GA,AMP,NSA,101388
g72,GA,AMP,NSA,101389
g72,GA,AMP,NSA,101390
g72,GA,AMP,NSA,101391
g72,GA,AMP,NSA,101392
g72,GA,AMP,NSA,101393
g72,GA,AMP,NSA,101394
g72,GA,AMP,NSA,101395
g72,GA,AMP,NSA,101396
g72,GA,AMP,NSA,101397
g72,GA,AMP,NSA,101398
g72,GA,AMP,NSA,101399
g72,GA,AMP,NSA,101400
g72,GA,AMP,NSA,101401
g72,GA,AMP,NSA,101402
g72,GA,AMP,NSA,101403
g72,GA,AMP,NSA,101404
g72,GA,AMP,NSA,101405
g72,GA,AMP,NSA,101406
g72,GA,AMP,NSA,101407
g72,GA,AMP,NSA,101408
g72,GA,AMP,NSA,101409
g72,GA,AMP,NSA,101410
g72,GA,AMP,NSA,101411
g72,GA,AMP,NSA,101412
g72,GA,AMP,NSA,101413
g72,GA,AMP,NSA,101414
g72,GA,AMP,NSA,101415
g72,GA,AMP,NSA,101416
g72,GA,AMP,NSA,101417
g72,GA,AMP,NSA,101418
g72,GA,AMP,NSA,101419
g72,GA,AMP,NSA,101420
g72,GA,AMP,NSA,101421
g72,GA,AMP,NSA,101422
g72,GA,AMP,NSA,101423
g72,GA,AMP,NSA,101424
g72,GA,AMP,NSA,101425
g72,GA,AMP,NSA,101426
g72,GA,AMP,NSA,101427
g72,GA,AMP,NSA,101428
g72,GA,AMP,NSA,101429
g72,GA,AMP,NSA,101430
g72,GA,AMP,NSA,101431
g72,GA,AMP,NSA,101432
g72,GA,AMP,NSA,101433
g72,GA,AMP,NSA,101434
g72,GA,AMP,NSA,101435
g72,GA,AMP,NSA,101436
g72,GA,AMP,NSA,101437
g72,GA,AMP,NSA,101438
g72,GA,AMP,NSA,101439
g72,GA,AMP,NSA,101440
g72,GA,AMP,NSA,101441
g72,GA,AMP,NSA,101442
g72,GA,AMP,NSA,101443
g72,GA,AMP,NSA,101444
g72,GA,AMP,NSA,101445
g72,GA,AMP,NSA,101446
g72,GA,AMP,NSA,101447
g72,GA,AMP,NSA,101448
g72,GA,AMP,NSA,101449
g72,GA,AMP,NSA,101450
g72,GA,AMP,NSA,101451
g72,GA,AMP,NSA,101452
g72,GA,AMP,NSA,101453
g72,GA,AMP,NSA,101454
g72,GA,AMP,NSA,101455
g72,GA,AMP,NSA,101456
g72,GA,AMP,NSA,101457
g72,GA,AMP,NSA,101458
g72,GA,AMP,NSA,101459
g72,GA,AMP,NSA,101460
g72,GA,AMP,NSA,101461
g72,GA,AMP,NSA,101462
g72,GA,AMP,NSA,101463
g72,GA,AMP,NSA,101464
g72,GA,AMP,NSA,101465
g72,GA,AMP,NSA,101466
g72,GA,AMP,NSA,101467
g72,GA,AMP,NSA,101468
g72,GA,AMP,NSA,101469
g72,GA,AMP,NSA,101470
g72,GA,AMP,NSA,101471
g72,GA,AMP,NSA,101472
g72,GA,AMP,NSA,101473
g72,GA,AMP,NSA,101474
g72,GA,AMP,NSA,101475
g72,GA,AMP,NSA,101476
g72,GA,AMP,NSA,101477
t10,AA,FKT,NSA,101478
t10,AA,FKT,NSA,101479
t10,AA,FKT,NSA,101480
t10,AA,FKT,NSA,101481
t10,AA,FKT,NSA,101482
t10,AA,FKT,NSA,101483
t10,AA,FKT,NSA,101484
t10,AA,FKT,NSA,101485
t10,AA,FKT,NSA,101486
t10,AA,FKT,NSA,101487
t10,AA,FKT,NSA,101488
t10,AA,FKT,NSA,101489
t10,AA,FKT,NSA,101490
t10,AA,FKT,NSA,101491
t10,AA,FKT,NSA,101492
t10,AA,FKT,NSA,101493
t10,AA,FKT,NSA,101494
t10,AA,FKT,NSA,101495
t10,AA,FKT,NSA,101496
t10,AA,FKT,NSA,101497
t10,AA,FKT,NSA,101498
t10,AA,FKT,NSA,101499
t10,AA,FKT,NSA,101500
t10,AA,FKT,NSA,101501
t10,AA,FKT,NSA,101502
t10,AA,FKT,NSA,101503
t10,AA,FKT,NSA,101504
t10,AA,FKT,AMP,101505
t10,AA,FKT,AMP,101506
t10,AA,FKT,AMP,101507
t10,AA,FKT,AMP,101508
t10,AA,FKT,AMP,101509
t10,AA,FKT,AMP,101510
t10,AA,FKT,AMP,101511
t10,AA,FKT,AMP,101512
t10,AA,FKT,AMP,101513
t10,AA,FKT,AMP,101514
t10,AA,FKT,AMP,101515
t10,AA,FKT,AMP,101516
t10,AA,FKT,AMP,101517
t10,AA,FKT,AMP,101518
t10,AA,FKT,AMP,101519
t10,AA,FKT,AMP,101520
t10,AA,FKT,AMP,101521
t10,AA,FKT,AMP,101522
t10,AA,FKT,AMP,101523
t10,AA,FKT,AMP,101524
t10,AA,FKT,AMP,101525
t10,AA,FKT,AMP,101526
t10,AA,FKT,AMP,101527
t10,AA,FKT,AMP,101528
t10,AA,FKT,AMP,101529
t10,AA,FKT,AMP,101530
t10,AA,FKT,AMP,101531
t10,AA,FKT,AMP,101532
t10,AA,FKT,AMP,101533
t10,AA,FKT,AMP,101534
t10,AA,FKT,AMP,101535
t10,AA,FKT,AMP,101536
t10,AA,FKT,AMP,101537
t10,AA,FKT,AMP,101538
t10,AA,FKT,AMP,101539
t10,AA,FKT,AMP,101540
t10,AA,FKT,AMP,101541
t10,AA,FKT,AMP,101542
t10,AA,FKT,AMP,101543
t10,AA,FKT,AMP,101544
t10,AA,FKT,AMP,101545
t10,AA,FKT,AMP,101546
t10,AA,FKT,AMP,101547
t10,AA,FKT,AMP,101548
t10,AA,FKT,AMP,101549
t10,AA,FKT,AMP,101550
t10,AA,FKT,AMP,101551
t10,AA,FKT,AMP,101552
t10,AA,FKT,AMP,101553
t10,AA,FKT,AMP,101554
t10,AA,FKT,AMP,101555
t10,AA,FKT,AMP,101556
t10,AA,FKT,AMP,101557
t10,AA,FKT,AMP,101558
t10,AA,FKT,AMP,101559
t10,AA,FKT,AMP,101560
t10,AA,FKT,AMP,101561
t10,AA,FKT,AMP,101562
t10,AA,FKT,AMP,101563
t10,AA,FKT,AMP,101564
t10,AA,FKT,AMP,101565
t10,AA,FKT,AMP,101566
t10,AA,FKT,AMP,101567
t10,AA,FKT,AMP,101568
t10,AA,FKT,AMP,101569
t10,AA,FKT,AMP,101570
t10,AA,FKT,AMP,101571
t10,AA,FKT,AMP,101572
t10,AA,FKT,AMP,101573
t10,AA,FKT,AMP,101574
t10,AA,FKT,AMP,101575
t10,AA,FKT,AMP,101576
t10,AA,FKT,AMP,101577
t10,AA,FKT,AMP,101578
t10,AA,FKT,AMP,101579
t10,AA,FKT,AMP,101580
t10,AA,FKT,AMP,101581
t10,AA,FKT,AMP,101582
t10,AA,FKT,AMP,101583
t10,AA,FKT,AMP,101584
t10,AA,FKT,AMP,101585
t10,AA,FKT,AMP,101586
t10,AA,FKT,AMP,101587
t10,AA,FKT,AMP,101588
t10,AA,FKT,AMP,101589
t10,AA,FKT,AMP,101590
t10,AA,FKT,AMP,101591
t10,AA,FKT,AMP,101592
t10,AA,FKT,AMP,101593
t10,AA,FKT,AMP,101594
t10,AA,FKT,AMP,101595
t10,AA,FKT,AMP,101596
t10,AA,FKT,AMP,101597
t10,AA,FKT,AMP,101598
t10,AA,FKT,AMP,101599
t10,AA,FKT,AMP,101600
t10,AA,FKT,AMP,101601
t10,AA,FKT,AMP,101602
t10,AA,FKT,AMP,101603
t10,AA,FKT,AMP,101604
t10,AA,FKT,AMP,101605
t10,AA,FKT,AMP,101606
t10,AA,FKT,AMP,101607
t10,AA,FKT,AMP,101608
t10,AA,FKT,AMP,101609
t10,AA,FKT,AMP,101610
t10,AA,FKT,AMP,101611
t10,AA,FKT,AMP,101612
t10,AA,FKT,AMP,101613
t10,AA,FKT,AMP,101614
t10,AA,FKT,AMP,101615
t10,AA,FKT,AMP,101616
t10,AA,FKT,AMP,101617
t10,AA,FKT,AMP,101618
t10,AA,FKT,AMP,101619
t10,AA,FKT,AMP,101620
t10,AA,FKT,AMP,101621
t10,AA,FKT,AMP,101622
t10,AA,FKT,AMP,101623
t10,AA,FKT,AMP,101624
t10,AA,FKT,AMP,101625
t10,AA,FKT,AMP,101626
t10,AA,FKT,AMP,101627
t10,AA,FKT,AMP,101628
t10,AA,FKT,AMP,101629
t10,AA,FKT,AMP,101630
t10,AA,FKT,AMP,101631
t10,AA,FKT,AMP,101632
t10,AA,NSA,FKT,101633
t10,AA,NSA,FKT,101634
t10,AA,NSA,FKT,101635
t10,AA,NSA,FKT,101636
t10,AA,NSA,FKT,101637
t10,AA,NSA,FKT,101638
t10,AA,NSA,FKT,101639
t10,AA,NSA,FKT,101640
t10,AA,NSA,FKT,101641
t10,AA,NSA,FKT,101642
t10,AA,NSA,FKT,101643
t10,AA,NSA,FKT,101644
t10,AA,NSA,FKT,101645
t10,AA,NSA,FKT,101646
t10,AA,NSA,FKT,101647
t10,AA,NSA,FKT,101648
t10,AA,NSA,FKT,101649
t10,AA,NSA,FKT,101650
t10,AA,NSA,FKT,101651
t10,AA,NSA,FKT,101652
t10,AA,NSA,FKT,101653
t10,AA,NSA,FKT,101654
t10,AA,NSA,FKT,101655
t10,AA,NSA,FKT,101656
t10,AA,NSA,FKT,101657
t10,AA,NSA,FKT,101658
t10,AA,NSA,FKT,101659
t10,AA,NSA,FKT,101660
t10,AA,NSA,FKT,101661
t10,AA,NSA,FKT,101662
t10,AA,NSA,FKT,101663
t10,AA,NSA,FKT,101664
t10,AA,NSA,FKT,101665
t10,AA,NSA,FKT,101666
b23,AA,NSA,AMP,101667
b23,AA,NSA,AMP,101668
b23,AA,NSA,AMP,101669
b23,AA,NSA,AMP,101670
b23,AA,NSA,AMP,101671
b23,AA,NSA,AMP,101672
b23,AA,NSA,AMP,101673
b23,AA,NSA,AMP,101674
b23,AA,NSA,AMP,101675
b23,AA,NSA,AMP,101676
b23,AA,NSA,AMP,101677
b23,AA,NSA,AMP,101678
b23,AA,NSA,AMP,101679
b23,AA,NSA,AMP,101680
b23,AA,NSA,AMP,101681
b23,AA,NSA,AMP,101682
b23,AA,NSA,AMP,101683
b23,AA,NSA,AMP,101684
b23,AA,NSA,AMP,101685
b23,AA,NSA,AMP,101686
b23,AA,NSA,AMP,101687
b23,AA,NSA,AMP,101688
b23,AA,NSA,AMP,101689
b23,AA,NSA,AMP,101690
b23,AA,NSA,AMP,101691
b23,AA,NSA,AMP,101692
b23,AA,NSA,AMP,101693
b23,AA,NSA,AMP,101694
b23,AA,NSA,AMP,101695
b23,AA,NSA,AMP,101696
b23,AA,NSA,AMP,101697
b23,AA,NSA,AMP,101698
b23,AA,NSA,AMP,101699
b23,AA,NSA,AMP,101700
b23,AA,NSA,AMP,101701
b23,AA,NSA,AMP,101702
b23,AA,NSA,AMP,101703
b23,AA,NSA,AMP,101704
b23,AA,NSA,AMP,101705
b23,AA,NSA,AMP,101706
b23,AA,NSA,AMP,101707
b23,AA,NSA,AMP,101708
b23,AA,NSA,AMP,101709
b23,AA,NSA,AMP,101710
b23,AA,NSA,AMP,101711
b23,AA,NSA,AMP,101712
b23,AA,NSA,AMP,101713
b23,AA,NSA,AMP,101714
b23,AA,NSA,AMP,101715
b23,AA,NSA,AMP,101716
b23,AA,NSA,AMP,101717
b23,AA,NSA,AMP,101718
b23,AA,NSA,AMP,101719
b23,AA,NSA,AMP,101720
b23,AA,NSA,AMP,101721
b23,AA,NSA,AMP,101722
b23,AA,NSA,AMP,101723
b23,AA,NSA,AMP,101724
b23,AA,NSA,AMP,101725
b23,AA,NSA,AMP,101726
b23,AA,NSA,AMP,101727
b23,AA,NSA,AMP,101728
b23,AA,NSA,AMP,101729
b23,AA,NSA,AMP,101730
b23,AA,NSA,AMP,101731
b23,AA,NSA,AMP,101732
b23,AA,NSA,AMP,101733
b23,AA,NSA,AMP,101734
b23,AA,NSA,AMP,101735
b23,AA,NSA,AMP,101736
b23,AA,NSA,AMP,101737
b23,AA,NSA,AMP,101738
b23,AA,NSA,AMP,101739
b23,AA,NSA,AMP,101740
b23,AA,NSA,AMP,101741
b23,AA,NSA,AMP,101742
b23,AA,NSA,AMP,101743
b23,AA,NSA,AMP,101744
b23,AA,NSA,AMP,101745
b23,AA,NSA,AMP,101746
b23,AA,NSA,AMP,101747
b23,AA,NSA,AMP,101748
b23,AA,NSA,AMP,101749
b23,AA,NSA,AMP,101750
b23,AA,NSA,AMP,101751
b23,AA,NSA,AMP,101752
b23,AA,NSA,AMP,101753
b23,AA,NSA,AMP,101754
b23,AA,NSA,AMP,101755
b23,AA,NSA,AMP,101756
b23,AA,NSA,AMP,101757
b23,AA,NSA,AMP,101758
b23,AA,NSA,AMP,101759
b23,AA,NSA,AMP,101760
b23,AA,NSA,AMP,101761
b23,AA,NSA,AMP,101762
b23,AA,NSA,AMP,101763
b23,AA,NSA,AMP,101764
b23,AA,NSA,AMP,101765
b23,AA,NSA,AMP,101766
b23,AA,NSA,AMP,101767
b23,AA,NSA,AMP,101768
b23,AA,NSA,AMP,101769
b23,AA,NSA,AMP,101770
b23,AA,NSA,AMP,101771
b23,AA,NSA,AMP,101772
b23,AA,NSA,AMP,101773
b23,AA,NSA,AMP,101774
b23,AA,NSA,AMP,101775
b23,AA,NSA,AMP,101776
b23,AA,NSA,AMP,101777
b23,AA,NSA,AMP,101778
b23,AA,NSA,AMP,101779
b23,AA,NSA,AMP,101780
b23,AA,NSA,AMP,101781
b23,AA,NSA,AMP,101782
b23,AA,NSA,AMP,101783
b23,AA,NSA,AMP,101784
b23,AA,NSA,AMP,101785
b23,AA,NSA,AMP,101786
b23,AA,NSA,AMP,101787
b23,AA,NSA,AMP,101788
b23,AA,NSA,AMP,101789
t10,AA,AMP,FKT,101790
t10,AA,AMP,FKT,101791
t10,AA,AMP,FKT,101792
t10,AA,AMP,FKT,101793
t10,AA,AMP,FKT,101794
t10,AA,AMP,FKT,101795
t10,AA,AMP,FKT,101796
t10,AA,AMP,FKT,101797
t10,AA,AMP,FKT,101798
t10,AA,AMP,FKT,101799
t10,AA,AMP,FKT,101800
t10,AA,AMP,FKT,101801
t10,AA,AMP,FKT,101802
t10,AA,AMP,FKT,101803
t10,AA,AMP,FKT,101804
t10,AA,AMP,FKT,101805
t10,AA,AMP,FKT,101806
t10,AA,AMP,FKT,101807
t10,AA,AMP,FKT,101808
t10,AA,AMP,FKT,101809
t10,AA,AMP,FKT,101810
t10,AA,AMP,FKT,101811
t10,AA,AMP,FKT,101812
t10,AA,AMP,FKT,101813
t10,AA,AMP,FKT,101814
t10,AA,AMP,FKT,101815
t10,AA,AMP,FKT,101816
t10,AA,AMP,FKT,101817
t10,AA,AMP,FKT,101818
t10,AA,AMP,FKT,101819
t10,AA,AMP,FKT,101820
t10,AA,AMP,FKT,101821
t10,AA,AMP,FKT,101822
t10,AA,AMP,FKT,101823
t10,AA,AMP,FKT,101824
t10,AA,AMP,FKT,101825
t10,AA,AMP,FKT,101826
t10,AA,AMP,FKT,101827
t10,AA,AMP,FKT,101828
t10,AA,AMP,FKT,101829
t10,AA,AMP,FKT,101830
t10,AA,AMP,FKT,101831
t10,AA,AMP,FKT,101832
t10,AA,AMP,FKT,101833
t10,AA,AMP,FKT,101834
t10,AA,AMP,FKT,101835
t10,AA,AMP,FKT,101836
t10,AA,AMP,FKT,101837
t10,AA,AMP,FKT,101838
t10,AA,AMP,FKT,101839
t10,AA,AMP,FKT,101840
t10,AA,AMP,FKT,101841
t10,AA,AMP,FKT,101842
t10,AA,AMP,FKT,101843
t10,AA,AMP,FKT,101844
t10,AA,AMP,FKT,101845
t10,AA,AMP,FKT,101846
t10,AA,AMP,FKT,101847
t10,AA,AMP,FKT,101848
t10,AA,AMP,FKT,101849
t10,AA,AMP,FKT,101850
t10,AA,AMP,FKT,101851
t10,AA,AMP,FKT,101852
t10,AA,AMP,FKT,101853
t10,AA,AMP,FKT,101854
t10,AA,AMP,FKT,101855
t10,AA,AMP,FKT,101856
t10,AA,AMP,FKT,101857
t10,AA,AMP,FKT,101858
t10,AA,AMP,FKT,101859
t10,AA,AMP,FKT,101860
t10,AA,AMP,FKT,101861
t10,AA,AMP,FKT,101862
t10,AA,AMP,FKT,101863
t10,AA,AMP,FKT,101864
t10,AA,AMP,FKT,101865
t10,AA,AMP,FKT,101866
t10,AA,AMP,FKT,101867
t10,AA,AMP,FKT,101868
t10,AA,AMP,FKT,101869
t10,AA,AMP,FKT,101870
t10,AA,AMP,FKT,101871
t10,AA,AMP,FKT,101872
t10,AA,AMP,FKT,101873
t10,AA,AMP,FKT,101874
t10,AA,AMP,FKT,101875
t10,AA,AMP,FKT,101876
t10,AA,AMP,FKT,101877
t10,AA,AMP,FKT,101878
t10,AA,AMP,FKT,101879
t10,AA,AMP,FKT,101880
t10,AA,AMP,FKT,101881
t10,AA,AMP,FKT,101882
t10,AA,AMP,FKT,101883
t10,AA,AMP,FKT,101884
t10,AA,AMP,FKT,101885
t10,AA,AMP,FKT,101886
t10,AA,AMP,FKT,101887
t10,AA,AMP,FKT,101888
t10,AA,AMP,FKT,101889
t10,AA,AMP,FKT,101890
t10,AA,AMP,FKT,101891
t10,AA,AMP,FKT,101892
t10,AA,AMP,FKT,101893
t10,AA,AMP,FKT,101894
t10,AA,AMP,FKT,101895
t10,AA,AMP,FKT,101896
t10,AA,AMP,FKT,101897
t10,AA,AMP,FKT,101898
t10,AA,AMP,FKT,101899
t10,AA,AMP,FKT,101900
t10,AA,AMP,FKT,101901
t10,AA,AMP,FKT,101902
t10,AA,AMP,FKT,101903
t10,AA,AMP,FKT,101904
t10,AA,AMP,FKT,101905
t10,AA,AMP,FKT,101906
t10,AA,AMP,FKT,101907
t10,AA,AMP,FKT,101908
t10,AA,AMP,FKT,101909
t10,AA,AMP,FKT,101910
t10,AA,AMP,FKT,101911
t10,AA,AMP,FKT,101912
t10,AA,AMP,FKT,101913
t10,AA,AMP,FKT,101914
t10,AA,AMP,FKT,101915
t10,AA,AMP,FKT,101916
t10,AA,AMP,FKT,101917
t10,AA,AMP,FKT,101918
t10,AA,AMP,FKT,101919
t10,AA,AMP,FKT,101920
t10,AA,AMP,FKT,101921
t10,AA,AMP,FKT,101922
t10,AA,AMP,FKT,101923
t10,AA,AMP,FKT,101924
t10,AA,AMP,FKT,101925
t10,AA,AMP,FKT,101926
t10,AA,AMP,FKT,101927
t10,AA,AMP,FKT,101928
t10,AA,AMP,FKT,101929
t10,AA,AMP,FKT,101930
t10,AA,AMP,FKT,101931
t10,AA,AMP,FKT,101932
t10,AA,AMP,FKT,101933
t10,AA,AMP,FKT,101934
t10,AA,AMP,FKT,101935
t10,AA,AMP,FKT,101936
t10,AA,AMP,FKT,101937
t10,AA,AMP,FKT,101938
t10,AA,AMP,FKT,101939
t10,AA,AMP,FKT,101940
t10,AA,AMP,FKT,101941
t10,AA,AMP,FKT,101942
t10,AA,AMP,FKT,101943
t10,AA,AMP,FKT,101944
t10,AA,AMP,FKT,101945
t10,AA,AMP,FKT,101946
t10,AA,AMP,FKT,101947
t10,AA,AMP,FKT,101948
t10,AA,AMP,FKT,101949
t10,AA,AMP,FKT,101950
t10,AA,AMP,FKT,101951
t10,AA,AMP,FKT,101952
t10,AA,AMP,FKT,101953
t10,AA,AMP,FKT,101954
t10,AA,AMP,FKT,101955
t10,AA,AMP,FKT,101956
t10,AA,AMP,FKT,101957
t10,AA,AMP,FKT,101958
t10,AA,AMP,FKT,101959
t10,AA,AMP,FKT,101960
t10,AA,AMP,FKT,101961
t10,AA,AMP,FKT,101962
t10,AA,AMP,FKT,101963
t10,AA,AMP,FKT,101964
t10,AA,AMP,FKT,101965
t10,AA,AMP,FKT,101966
t10,AA,AMP,FKT,101967
t10,AA,AMP,FKT,101968
t10,AA,AMP,FKT,101969
t10,AA,AMP,FKT,101970
t10,AA,AMP,FKT,101971
t10,AA,AMP,FKT,101972
t10,AA,AMP,FKT,101973
t10,AA,AMP,FKT,101974
t10,AA,AMP,FKT,101975
t10,AA,AMP,FKT,101976
t10,AA,AMP,FKT,101977
t10,AA,AMP,FKT,101978
t10,AA,AMP,FKT,101979
t10,AA,AMP,FKT,101980
t10,AA,AMP,FKT,101981
t10,AA,AMP,FKT,101982
t10,AA,AMP,FKT,101983
t10,AA,AMP,FKT,101984
t10,AA,AMP,FKT,101985
t10,AA,AMP,FKT,101986
t10,AA,AMP,FKT,101987
t10,AA,AMP,FKT,101988
t10,AA,AMP,FKT,101989
t10,AA,AMP,FKT,101990
t10,AA,AMP,FKT,101991
t10,AA,AMP,FKT,101992
t10,AA,AMP,FKT,101993
t10,AA,AMP,FKT,101994
t10,AA,AMP,FKT,101995
t10,AA,AMP,FKT,101996
t10,AA,AMP,FKT,101997
t10,AA,AMP,FKT,101998
t10,AA,AMP,FKT,101999
t10,AA,AMP,FKT,102000
t10,AA,AMP,FKT,102001
t10,AA,AMP,FKT,102002
t10,AA,AMP,FKT,102003
t10,AA,AMP,FKT,102004
t10,AA,AMP,FKT,102005
t10,AA,AMP,FKT,102006
t10,AA,AMP,FKT,102007
t10,AA,AMP,FKT,102008
t10,AA,AMP,FKT,102009
t10,AA,AMP,FKT,102010
t10,AA,AMP,FKT,102011
t10,AA,AMP,FKT,102012
t10,AA,AMP,FKT,102013
t10,AA,AMP,FKT,102014
t10,AA,AMP,FKT,102015
t10,AA,AMP,FKT,102016
t10,AA,AMP,FKT,102017
t10,AA,AMP,FKT,102018
t10,AA,AMP,FKT,102019
t10,AA,AMP,FKT,102020
t10,AA,AMP,FKT,102021
t10,AA,AMP,FKT,102022
t10,AA,AMP,FKT,102023
t10,AA,AMP,FKT,102024
t10,AA,AMP,FKT,102025
t10,AA,AMP,FKT,102026
t10,AA,AMP,FKT,102027
t10,AA,AMP,FKT,102028
t10,AA,AMP,FKT,102029
t10,AA,AMP,FKT,102030
t10,AA,AMP,FKT,102031
t10,AA,AMP,FKT,102032
t10,AA,AMP,FKT,102033
t10,AA,AMP,FKT,102034
t10,AA,AMP,FKT,102035
t10,AA,AMP,FKT,102036
t10,AA,AMP,FKT,102037
t10,AA,AMP,FKT,102038
t10,AA,AMP,FKT,102039
t10,AA,AMP,FKT,102040
t10,AA,AMP,FKT,102041
t10,AA,AMP,FKT,102042
t10,AA,AMP,FKT,102043
t10,AA,AMP,FKT,102044
t10,AA,AMP,FKT,102045
t10,AA,AMP,FKT,102046
t10,AA,AMP,FKT,102047
t10,AA,AMP,FKT,102048
t10,AA,AMP,FKT,102049
t10,AA,AMP,FKT,102050
t10,AA,AMP,FKT,102051
t10,AA,AMP,FKT,102052
t10,AA,AMP,FKT,102053
t10,AA,AMP,FKT,102054
t10,AA,AMP,FKT,102055
t10,AA,AMP,FKT,102056
t10,AA,AMP,FKT,102057
t10,AA,AMP,FKT,102058
t10,AA,AMP,FKT,102059
t10,AA,AMP,FKT,102060
t10,AA,AMP,FKT,102061
t10,AA,AMP,FKT,102062
t10,AA,AMP,FKT,102063
t10,AA,AMP,FKT,102064
t10,AA,AMP,FKT,102065
t10,AA,AMP,FKT,102066
t10,AA,AMP,FKT,102067
t10,AA,AMP,FKT,102068
t10,AA,AMP,FKT,102069
t10,AA,AMP,FKT,102070
t10,AA,AMP,FKT,102071
t10,AA,AMP,FKT,102072
t10,AA,AMP,FKT,102073
t10,AA,AMP,FKT,102074
t10,AA,AMP,FKT,102075
t10,AA,AMP,FKT,102076
t10,AA,AMP,FKT,102077
t10,AA,AMP,FKT,102078
t10,AA,AMP,FKT,102079
t10,AA,AMP,FKT,102080
t10,AA,AMP,FKT,102081
t10,AA,AMP,FKT,102082
t10,AA,AMP,FKT,102083
t10,AA,AMP,FKT,102084
t10,AA,AMP,FKT,102085
t10,AA,AMP,FKT,102086
t10,AA,AMP,FKT,102087
t10,AA,AMP,FKT,102088
t10,AA,AMP,FKT,102089
t10,AA,AMP,FKT,102090
t10,AA,AMP,FKT,102091
t10,AA,AMP,FKT,102092
t10,AA,AMP,FKT,102093
t10,AA,AMP,FKT,102094
t10,AA,AMP,FKT,102095
t10,AA,AMP,FKT,102096
t10,AA,AMP,FKT,102097
t10,AA,AMP,FKT,102098
t10,AA,AMP,FKT,102099
t10,AA,AMP,FKT,102100
t10,AA,AMP,FKT,102101
t10,AA,AMP,FKT,102102
t10,AA,AMP,FKT,102103
t10,AA,AMP,FKT,102104
t10,AA,AMP,FKT,102105
t10,AA,AMP,FKT,102106
t10,AA,AMP,FKT,102107
t10,AA,AMP,FKT,102108
t10,AA,AMP,FKT,102109
t10,AA,AMP,FKT,102110
t10,AA,AMP,FKT,102111
t10,AA,AMP,FKT,102112
t10,AA,AMP,FKT,102113
t10,AA,AMP,FKT,102114
t10,AA,AMP,FKT,102115
t10,AA,AMP,FKT,102116
t10,AA,AMP,FKT,102117
t10,AA,AMP,FKT,102118
t10,AA,AMP,FKT,102119
t10,AA,AMP,FKT,102120
t10,AA,AMP,FKT,102121
t10,AA,AMP,FKT,102122
t10,AA,AMP,FKT,102123
t10,AA,AMP,FKT,102124
t10,AA,AMP,FKT,102125
t10,AA,AMP,FKT,102126
t10,AA,AMP,FKT,102127
t10,AA,AMP,FKT,102128
t10,AA,AMP,FKT,102129
t10,AA,AMP,FKT,102130
t10,AA,AMP,FKT,102131
t10,AA,AMP,FKT,102132
t10,AA,AMP,FKT,102133
t10,AA,AMP,FKT,102134
t10,AA,AMP,FKT,102135
t10,AA,AMP,FKT,102136
t10,AA,AMP,FKT,102137
t10,AA,AMP,FKT,102138
t10,AA,AMP,FKT,102139
t10,AA,AMP,FKT,102140
t10,AA,AMP,FKT,102141
t10,AA,AMP,FKT,102142
t10,AA,AMP,FKT,102143
t10,AA,AMP,FKT,102144
t10,AA,AMP,FKT,102145
t10,AA,AMP,FKT,102146
t10,AA,AMP,FKT,102147
t10,AA,AMP,FKT,102148
t10,AA,AMP,FKT,102149
t10,AA,AMP,FKT,102150
t10,AA,AMP,FKT,102151
t10,AA,AMP,FKT,102152
t10,AA,AMP,FKT,102153
b23,AA,AMP,NSA,102154
b23,AA,AMP,NSA,102155
b23,AA,AMP,NSA,102156
b23,AA,AMP,NSA,102157
b23,AA,AMP,NSA,102158
b23,AA,AMP,NSA,102159
b23,AA,AMP,NSA,102160
b23,AA,AMP,NSA,102161
b23,AA,AMP,NSA,102162
b23,AA,AMP,NSA,102163
b23,AA,AMP,NSA,102164
b23,AA,AMP,NSA,102165
b23,AA,AMP,NSA,102166
b23,AA,AMP,NSA,102167
b23,AA,AMP,NSA,102168
b23,AA,AMP,NSA,102169
b23,AA,AMP,NSA,102170
b23,AA,AMP,NSA,102171
b23,AA,AMP,NSA,102172
b23,AA,AMP,NSA,102173
b23,AA,AMP,NSA,102174
b23,AA,AMP,NSA,102175
b23,AA,AMP,NSA,102176
b23,AA,AMP,NSA,102177
b23,AA,AMP,NSA,102178
b23,AA,AMP,NSA,102179
b23,AA,AMP,NSA,102180
b23,AA,AMP,NSA,102181
b23,AA,AMP,NSA,102182
b23,AA,AMP,NSA,102183
b23,AA,AMP,NSA,102184
b23,AA,AMP,NSA,102185
b23,AA,AMP,NSA,102186
b23,AA,AMP,NSA,102187
b23,AA,AMP,NSA,102188
b23,AA,AMP,NSA,102189
b23,AA,AMP,NSA,102190
b23,AA,AMP,NSA,102191
b23,AA,AMP,NSA,102192
b23,AA,AMP,NSA,102193
b23,AA,AMP,NSA,102194
b23,AA,AMP,NSA,102195
b23,AA,AMP,NSA,102196
b23,AA,AMP,NSA,102197
b23,AA,AMP,NSA,102198
b23,AA,AMP,NSA,102199
b23,AA,AMP,NSA,102200
b23,AA,AMP,NSA,102201
b23,AA,AMP,NSA,102202
b23,AA,AMP,NSA,102203
b23,AA,AMP,NSA,102204
b23,AA,AMP,NSA,102205
b23,AA,AMP,NSA,102206
b23,AA,AMP,NSA,102207
b23,AA,AMP,NSA,102208
b23,AA,AMP,NSA,102209
b23,AA,AMP,NSA,102210
b23,AA,AMP,NSA,102211
b23,AA,AMP,NSA,102212
b23,AA,AMP,NSA,102213
b23,AA,AMP,NSA,102214
b23,AA,AMP,NSA,102215
b23,AA,AMP,NSA,102216
b23,AA,AMP,NSA,102217
b23,AA,AMP,NSA,102218
b23,AA,AMP,NSA,102219
b23,AA,AMP,NSA,102220
b23,AA,AMP,NSA,102221
b23,AA,AMP,NSA,102222
b23,AA,AMP,NSA,102223
b23,AA,AMP,NSA,102224
b23,AA,AMP,NSA,102225
b23,AA,AMP,NSA,102226
b23,AA,AMP,NSA,102227
b23,AA,AMP,NSA,102228
b23,AA,AMP,NSA,102229
b23,AA,AMP,NSA,102230
b23,AA,AMP,NSA,102231
b23,AA,AMP,NSA,102232
b23,AA,AMP,NSA,102233
b23,AA,AMP,NSA,102234
b23,AA,AMP,NSA,102235
b23,AA,AMP,NSA,102236
b23,AA,AMP,NSA,102237
b23,AA,AMP,NSA,102238
b23,AA,AMP,NSA,102239
b23,AA,AMP,NSA,102240
b23,AA,AMP,NSA,102241
b23,AA,AMP,NSA,102242
b23,AA,AMP,NSA,102243
b23,AA,AMP,NSA,102244
b23,AA,AMP,NSA,102245
b23,AA,AMP,NSA,102246
b23,AA,AMP,NSA,102247
b23,AA,AMP,NSA,102248
b23,AA,AMP,NSA,102249
b23,AA,AMP,NSA,102250
b23,AA,AMP,NSA,102251
b23,AA,AMP,NSA,102252
b23,AA,AMP,NSA,102253
b23,AA,AMP,NSA,102254
b23,AA,AMP,NSA,102255
b23,AA,AMP,NSA,102256
b23,AA,AMP,NSA,102257
b23,AA,AMP,NSA,102258
b23,AA,AMP,NSA,102259
b23,AA,AMP,NSA,102260
b23,AA,AMP,NSA,102261
b23,AA,AMP,NSA,102262
b23,AA,AMP,NSA,102263
b23,AA,AMP,NSA,102264
b23,AA,AMP,NSA,102265
b23,AA,AMP,NSA,102266
b23,AA,AMP,NSA,102267
b23,AA,AMP,NSA,102268
b23,AA,AMP,NSA,102269
b23,AA,AMP,NSA,102270
